streets,city
1554.5610006445265,Barcelona
1651.7358899487513,Antwerp
3045.267168395651,Örebro
16439.73735300945,London
8281.355991516248,Rome
1193.5932090673168,Zürich
3946.1127639546953,Wien
